[{
    "id": 1,
    "name": "总裁办",
    "desc": "公司最高组织机构层，负责公司全面运营管理",
    "time": 1568640222269,
    "state": 0
}, {
    "id": 2,
    "name": "销售部",
    "desc": "公司业务销售管理部门，负责拓展渠道和维护客户",
    "time": 1568640222269,
    "state": 0
}, {
    "id": 3,
    "name": "产品研发部",
    "desc": "公司产品研发部门，负责生产研发公司的产品",
    "time": 1568640222269,
    "state": 0
}, {
    "id": 4,
    "name": "后勤部",
    "desc": "公司后勤管理部门，负责行政、财务、人事等日常管理工作",
    "time": 1568640222269,
    "state": 0
}, {
    "id": "5",
    "name": "莹莹贝贝",
    "desc": "出喝玩乐二位v为v",
    "time": 1575431393734,
    "state": 0
}, {
    "id": 6,
    "name": "交通部",
    "desc": "来上班把",
    "time": 1575447890270,
    "state": 0,
    "departmentId": "undefined"
}, {
    "id": 7,
    "name": "王者荣耀",
    "desc": "我的貂蝉呢",
    "time": 1575448094935,
    "state": 0,
    "departmentId": "undefined"
}, {
    "id": 8,
    "name": "3额发v",
    "desc": "额得分v",
    "time": 1575450794318,
    "state": 0,
    "departmentId": "undefined"
}]