[{"id":"1","name":"管理员","desc":"系统最高权限拥有者去","power":"userhandle|departhandle|jobhandle|departcustomer|allcustomer|resetpassword","time":1568640222269,"state":0},{"id":"2","name":"销售部经理","desc":"销售部门最高权限拥有者","power":"departcustomer|员工操作权|部门操作权","time":1568640222269,"state":0},{"id":"6","name":"后勤部经理","desc":"后勤部门最高权限拥有者我亲爱额深V人防v","power":"userhandle|departhandle|jobhandle|departcustomer|resetpassword","time":1568640222269,"state":0},{"id":"7","name":"王峰","desc":"这是一个好的部门","power":"","time":1576849409628,"state":1,"jobId":"undefined"}]