[{"id":1,"name":"珠峰培训","password":"8376ac810bb9f231d28fcf1f","sex":0,"email":"1144709265@qq.com","phone":"18310612838","departmentId":1,"jobId":1,"desc":"珠峰培训最高管理员账户","time":1568640222269,"state":0},{"id":2,"name":"周啸天","password":"8376ac810bb9f231d28fcf1f","sex":0,"email":"zhouxiaotian@qq.com","phone":"13041086186","departmentId":1,"jobId":3,"desc":"","time":1568640222269,"state":0},{"id":"3","name":"园园","password":"8376ac810bb9f231d28fcf1f","sex":"1","email":"yuanyuan@qq.com","phone":"11111111111","departmentId":"1","jobId":"1","desc":"嗨喽~~","time":1568966285536,"state":0,"userId":"5","department":"总裁办","job":"管理员"},{"id":4,"name":"纪莹","password":"8376ac810bb9f231d28fcf1f","sex":"0","email":"yuanyuan@qq.com","phone":"11111111111","departmentId":"1","jobId":"1","desc":"嗨喽~~","time":1568966285536,"state":0,"userId":"4"},{"id":5,"name":"老王","password":"8376ac810bb9f231d28fcf1f","sex":"0","email":"yuanyuan@qq.com","phone":"11111111111","departmentId":"1","jobId":"1","desc":"嗨喽~~","time":1568966285536,"state":0,"userId":"3"},{"id":6,"name":"是45","password":"8376ac810bb9f231d28fcf1f","sex":"0","email":"","phone":"是大V","departmentId":"1","jobId":"1","desc":"v vc","time":1573117151611,"state":0,"eamil":"是大V"},{"id":"7","name":"莹莹","password":"8376ac810bb9f231d28fcf1f","sex":"1","email":"62475265@qq/com","phone":"18888888888","departmentId":"2","jobId":"1","desc":"我很帅  我很帅 www","time":1575510393479,"state":0,"delivery":"false","userId":"2","department":"销售部","job":"管理员"},{"id":8,"name":"莹莹123","password":"8376ac810bb9f231d28fcf1f","sex":"1","email":"41751548132","phone":"51485132516852","departmentId":"4","jobId":"1","desc":"","time":1575510531081,"state":0,"delivery":"false","userId":"1"},{"id":9,"name":"3wev","password":"8376ac810bb9f231d28fcf1f","sex":"","email":"二f","phone":"","departmentId":"","jobId":"","desc":"","time":1575528615148,"state":0,"userId":"undefined"},{"id":10,"name":"王峰","password":"8376ac810bb9f231d28fcf1f","sex":"0","email":"62626262626","phone":"15416165168531","departmentId":"2","jobId":"5","desc":"","time":1575528671168,"state":0,"userId":"undefined"},{"id":11,"name":"我我我","password":"8376ac810bb9f231d28fcf1f","sex":"0","email":"5163563163","phone":"56651 56","departmentId":"3","jobId":"3","desc":"","time":1575528714522,"state":0,"userId":"undefined"},{"id":12,"name":"二位热榜","password":"8376ac810bb9f231d28fcf1f","sex":"0","email":"57865168","phone":"542534","departmentId":"3","jobId":"2","desc":"温度股份规范化","time":1575601029198,"state":0,"userId":"undefined"}]